[
    {
        "id": "mysql-in-a-nutshell",
        "value": "MySQL in a Nutshell",
        "label": "<span class=\"hl_results\">MySQL</span> in a Nutshell"
    },
    {
        "id": "how-to-use-php-improved-mysqli-extension-and-why-you-should",
        "value": "How to Use PHP Improved MySQLi extension (and Why You Should)",
        "label": "How to Use PHP Improved <span class=\"hl_results\">MySQL</span>i extension (and Why You Should)"
    },
    {
        "id": "is-it-time-to-remove-mysql-in-favor-of-mariadb-in-production-servers",
        "value": "Is it time to Remove MySQL in favor of MariaDB in Production Servers?",
        "label": "Is it time to Remove <span class=\"hl_results\">MySQL</span> in favor of MariaDB in Production Servers?"
    }
]